,user activity,env brightness,images,theme,layout,font size,p_score,i_score,r_score,score,output
0,STILL,5.0,withImages,dark-theme,largeCards,small-font,1,1,1,3,0
1,STILL,5.0,withImages,dark-theme,largeCards,small-font,1,1,1,3,0
2,STILL,5.0,withImages,dark-theme,largeCards,large-font,1,2,1,4,0
3,STILL,5.0,withImages,dark-theme,largeCards,large-font,1,2,1,4,0
4,STILL,5.0,withImages,dark-theme,largeCards,large-font,1,2,1,4,0
5,ON_FOOT,30.0,withImages,light-theme,largeCards,small-font,2,2,2,6,1
6,STILL,8.0,withImages,dark-theme,xLargeCards,small-font,2,2,2,6,1
7,STILL,8.0,withImages,dark-theme,xLargeCards,small-font,2,2,2,6,1
8,STILL,206.0,withImages,dark-theme,xLargeCards,small-font,1,2,1,4,0
9,STILL,223.0,withImages,dark-theme,xLargeCards,small-font,1,2,2,5,0
10,STILL,182.0,withImages,light-theme,xLargeCards,large-font,2,2,2,6,1
11,STILL,194.0,withImages,light-theme,xLargeCards,small-font,2,2,2,6,1
12,STILL,97.0,withImages,light-theme,xLargeCards,large-font,2,2,2,6,1
13,STILL,102.0,withImages,light-theme,xLargeCards,large-font,2,2,2,6,1
14,STILL,90.0,withImages,light-theme,xLargeCards,large-font,2,2,2,6,1
15,STILL,0.0,withImages,dark-theme,xLargeCards,small-font,2,2,2,6,1
16,STILL,0.0,withImages,dark-theme,xLargeCards,large-font,-1,0,0,-1,0
17,STILL,0.0,withImages,dark-theme,largeCards,large-font,-1,1,-1,-1,0
18,ON_FOOT,13.0,withImages,dark-theme,xLargeCards,large-font,2,2,2,6,1
19,ON_FOOT,3.0,withImages,dark-theme,xLargeCards,large-font,2,2,2,6,1
20,ON_FOOT,6.0,withImages,light-theme,largeCards,small-font,2,0,0,2,0
21,ON_FOOT,0.0,withImages,dark-theme,xLargeCards,large-font,2,2,2,6,1
22,ON_FOOT,0.0,withImages,dark-theme,xLargeCards,large-font,2,2,2,6,1
23,STILL,0.0,withImages,dark-theme,largeCards,small-font,1,1,1,3,0
24,STILL,0.0,withImages,dark-theme,largeCards,small-font,1,1,2,4,0
25,STILL,0.0,withImages,dark-theme,xLargeCards,small-font,1,1,1,3,0
26,STILL,222.0,withImages,light-theme,xLargeCards,small-font,2,2,2,6,1
27,STILL,208.0,withImages,light-theme,xLargeCards,small-font,2,2,2,6,1
28,STILL,70.0,withImages,light-theme,xLargeCards,large-font,0,1,0,1,0
29,STILL,26.0,withImages,light-theme,largeCards,small-font,2,2,2,6,1
30,STILL,26.0,withImages,light-theme,largeCards,small-font,2,2,2,6,1
31,STILL,26.0,withImages,light-theme,largeCards,large-font,2,2,2,6,1
32,STILL,12.0,withImages,dark-theme,xLargeCards,large-font,1,1,2,4,0
33,STILL,0.0,withImages,dark-theme,xLargeCards,large-font,1,1,1,3,0
34,STILL,3.0,withImages,dark-theme,xLargeCards,large-font,1,1,1,3,0
35,STILL,51.0,withImages,dark-theme,xLargeCards,small-font,2,1,2,5,0
36,IN_VEHICLE,19.0,withImages,light-theme,largeCards,large-font,2,1,2,5,0
37,IN_VEHICLE,13.0,withImages,light-theme,xLargeCards,large-font,-1,0,0,-1,0
38,STILL,17.0,withImages,light-theme,largeCards,large-font,2,2,2,6,1
39,STILL,16.0,withImages,light-theme,largeCards,large-font,2,2,2,6,1
40,STILL,69.0,withImages,light-theme,largeCards,large-font,1,2,2,5,0
41,STILL,104.0,withImages,dark-theme,xLargeCards,large-font,2,2,1,5,0
42,ON_FOOT,0.0,withImages,dark-theme,xLargeCards,large-font,2,1,2,5,0
43,ON_FOOT,19.0,withImages,light-theme,largeCards,small-font,-1,-1,-2,-4,0
44,IN_VEHICLE,6.0,withImages,light-theme,xLargeCards,small-font,0,1,-1,0,0
45,STILL,0.0,withImages,light-theme,xLargeCards,small-font,-1,-1,1,-1,0
46,STILL,0.0,withImages,dark-theme,xLargeCards,large-font,2,1,2,5,0
47,STILL,0.0,withImages,dark-theme,xLargeCards,small-font,2,2,1,5,0
48,STILL,0.0,withImages,dark-theme,xLargeCards,small-font,2,2,2,6,1
49,STILL,4.0,withImages,light-theme,largeCards,large-font,2,2,2,6,1
50,STILL,51.0,withImages,light-theme,largeCards,small-font,2,1,1,4,0
51,STILL,32.0,withImages,light-theme,largeCards,large-font,2,2,2,6,1
52,STILL,21.0,withImages,dark-theme,largeCards,large-font,2,2,1,5,0
53,STILL,53.0,withImages,light-theme,largeCards,small-font,2,2,2,6,1
54,STILL,55.0,withImages,light-theme,largeCards,small-font,2,2,2,6,1
55,STILL,14.0,withImages,light-theme,xLargeCards,large-font,2,1,2,5,0
56,STILL,38.0,withImages,dark-theme,largeCards,large-font,1,1,2,4,0
57,STILL,16.0,withImages,light-theme,xLargeCards,large-font,2,2,2,6,1
58,STILL,17.0,withImages,light-theme,xLargeCards,large-font,2,2,2,6,1
59,STILL,27.0,withImages,light-theme,largeCards,small-font,1,1,1,3,0
60,STILL,17.0,withImages,light-theme,largeCards,small-font,1,1,1,3,0
61,STILL,0.0,withImages,dark-theme,xLargeCards,small-font,2,1,1,4,0
62,STILL,0.0,withImages,dark-theme,xLargeCards,large-font,2,2,1,5,0
63,STILL,9.0,withImages,dark-theme,largeCards,large-font,1,1,2,4,0
64,STILL,26.0,withImages,dark-theme,largeCards,large-font,1,2,1,4,0
65,STILL,15.0,withImages,light-theme,xLargeCards,small-font,2,2,2,6,1
66,STILL,14.0,withImages,light-theme,xLargeCards,small-font,1,1,2,4,0
67,STILL,11.0,withImages,light-theme,xLargeCards,large-font,2,2,1,5,0
68,STILL,16.0,withImages,light-theme,xLargeCards,large-font,2,2,2,6,1
69,STILL,13.0,withImages,dark-theme,largeCards,large-font,2,2,2,6,1
70,STILL,12.0,withImages,light-theme,largeCards,small-font,1,2,2,5,0
71,STILL,30.0,withImages,light-theme,largeCards,large-font,2,2,2,6,1
72,STILL,2.0,withImages,dark-theme,xLargeCards,large-font,1,1,2,4,0
73,ON_FOOT,2.0,withImages,dark-theme,xLargeCards,large-font,2,2,2,6,1
74,STILL,0.0,withImages,dark-theme,largeCards,large-font,2,2,1,5,0
75,STILL,0.0,withImages,dark-theme,largeCards,large-font,2,2,2,6,1
76,STILL,0.0,withImages,dark-theme,largeCards,small-font,1,2,2,5,0
77,STILL,0.0,withImages,dark-theme,largeCards,small-font,1,2,2,5,0
78,STILL,0.0,withImages,dark-theme,largeCards,large-font,2,2,1,5,0
79,STILL,3.0,withImages,light-theme,largeCards,large-font,2,2,2,6,1
80,STILL,2.0,withImages,light-theme,largeCards,large-font,2,2,2,6,1
81,STILL,3.0,withImages,dark-theme,largeCards,large-font,2,2,2,6,1
82,STILL,7.0,withImages,light-theme,largeCards,small-font,2,1,2,5,0
83,IN_VEHICLE,74.0,withImages,light-theme,largeCards,small-font,1,1,1,3,0
84,ON_FOOT,313.0,withImages,light-theme,largeCards,small-font,1,1,2,4,0
85,ON_FOOT,335.0,withImages,dark-theme,xLargeCards,large-font,1,1,1,3,0
86,ON_FOOT,153.0,withImages,dark-theme,xLargeCards,large-font,0,0,1,1,0
87,IN_VEHICLE,155.0,withImages,light-theme,largeCards,small-font,0,0,0,0,0
88,IN_VEHICLE,324.0,withImages,light-theme,largeCards,small-font,0,0,1,1,0
89,ON_FOOT,7960.0,withImages,light-theme,largeCards,small-font,2,0,0,2,0
90,ON_FOOT,7375.0,withImages,light-theme,xLargeCards,small-font,2,2,2,6,1
91,IN_VEHICLE,111.0,withImages,light-theme,largeCards,small-font,1,1,1,3,0
92,ON_FOOT,355.0,withImages,light-theme,xLargeCards,small-font,2,2,2,6,1
93,ON_FOOT,217.0,withImages,light-theme,largeCards,small-font,1,1,1,3,0
94,STILL,421.0,withImages,light-theme,largeCards,small-font,2,2,2,6,1
95,STILL,394.0,withImages,light-theme,largeCards,small-font,2,2,1,5,0
96,ON_FOOT,515.0,withImages,light-theme,largeCards,small-font,2,2,2,6,1
97,STILL,564.0,withImages,light-theme,xLargeCards,small-font,2,1,1,4,0
98,STILL,418.0,withImages,light-theme,xLargeCards,small-font,1,1,1,3,0
99,ON_FOOT,450.0,withImages,light-theme,largeCards,large-font,2,2,2,6,1
100,STILL,5653.0,withImages,light-theme,largeCards,small-font,1,2,2,5,0
101,STILL,12918.0,withImages,light-theme,largeCards,small-font,2,2,2,6,1
102,STILL,2715.0,withImages,light-theme,largeCards,small-font,2,1,1,4,0
103,STILL,17.0,withImages,dark-theme,largeCards,large-font,2,2,2,6,1
104,ON_FOOT,757.0,withImages,light-theme,xLargeCards,small-font,2,2,2,6,1
105,ON_FOOT,765.0,withImages,light-theme,xLargeCards,small-font,2,2,2,6,1
106,STILL,6.0,withImages,dark-theme,largeCards,small-font,0,0,0,0,0
107,STILL,4.0,withImages,dark-theme,largeCards,small-font,0,1,1,2,0
108,STILL,566.0,withImages,light-theme,xLargeCards,small-font,2,2,2,6,1
109,IN_VEHICLE,662.0,withImages,light-theme,xLargeCards,small-font,2,2,2,6,1
110,IN_VEHICLE,704.0,withImages,light-theme,xLargeCards,small-font,2,2,2,6,1
111,ON_FOOT,10.0,withImages,dark-theme,xLargeCards,small-font,2,2,2,6,1
112,ON_FOOT,0.0,withImages,dark-theme,xLargeCards,small-font,2,2,2,6,1
113,STILL,0.0,withImages,dark-theme,xLargeCards,large-font,2,1,2,5,0
114,STILL,57.0,withImages,dark-theme,xLargeCards,large-font,2,1,1,4,0
115,STILL,110.0,withImages,dark-theme,largeCards,large-font,2,2,2,6,1
116,STILL,285.0,withImages,dark-theme,xLargeCards,large-font,2,2,2,6,1
117,STILL,181.0,withImages,dark-theme,largeCards,large-font,2,2,2,6,1
118,STILL,240.0,withImages,dark-theme,largeCards,large-font,-2,-2,-2,-6,0
119,STILL,240.0,withImages,dark-theme,xLargeCards,small-font,-2,-2,-2,-6,0
120,STILL,92.0,withImages,light-theme,largeCards,large-font,2,2,2,6,1
121,ON_FOOT,0.0,withImages,dark-theme,xLargeCards,large-font,2,2,2,6,1
122,ON_FOOT,0.0,withImages,dark-theme,xLargeCards,large-font,2,2,1,5,0
123,STILL,20.0,withImages,dark-theme,xLargeCards,large-font,1,2,2,5,0
124,STILL,19.0,withImages,dark-theme,xLargeCards,large-font,2,2,2,6,1
125,STILL,0.0,withImages,dark-theme,largeCards,large-font,2,2,2,6,1
126,STILL,0.0,withImages,dark-theme,largeCards,large-font,2,2,2,6,1
127,STILL,0.0,withImages,dark-theme,largeCards,small-font,2,2,2,6,1
128,STILL,0.0,withImages,dark-theme,largeCards,small-font,2,2,2,6,1
129,STILL,0.0,withImages,dark-theme,largeCards,small-font,2,2,2,6,1
130,STILL,0.0,withImages,dark-theme,largeCards,small-font,2,2,2,6,1
131,STILL,75.0,withImages,dark-theme,largeCards,large-font,1,1,1,3,0
132,STILL,75.0,withImages,dark-theme,largeCards,large-font,2,2,1,5,0
133,STILL,2.0,withImages,light-theme,xLargeCards,large-font,2,2,2,6,1
134,ON_FOOT,1.0,withImages,light-theme,xLargeCards,large-font,1,1,1,3,0
135,STILL,184.0,withImages,light-theme,xLargeCards,large-font,2,1,2,5,0
136,STILL,154.0,withImages,light-theme,xLargeCards,large-font,1,2,2,5,0
137,STILL,179.0,withImages,dark-theme,xLargeCards,small-font,1,1,1,3,0
138,STILL,0.0,withImages,dark-theme,largeCards,large-font,2,2,2,6,1
139,STILL,0.0,withImages,dark-theme,largeCards,large-font,2,2,2,6,1
140,STILL,0.0,withImages,dark-theme,largeCards,small-font,2,2,2,6,1
141,STILL,0.0,withImages,dark-theme,largeCards,large-font,2,2,2,6,1
142,ON_FOOT,623.0,withImages,light-theme,xLargeCards,small-font,0,-1,-2,-3,0
143,ON_FOOT,378.0,withImages,dark-theme,largeCards,large-font,2,2,2,6,1
144,IN_VEHICLE,258.0,withImages,dark-theme,xLargeCards,large-font,-1,0,-1,-2,0
145,ON_FOOT,139.0,withImages,dark-theme,largeCards,small-font,1,-1,1,1,0
146,ON_FOOT,305.0,withImages,dark-theme,xLargeCards,small-font,-1,-1,-1,-3,0
147,STILL,33.0,withImages,light-theme,xLargeCards,small-font,-1,-1,-1,-3,0
148,ON_FOOT,0.0,withImages,dark-theme,largeCards,large-font,1,1,1,3,0
149,ON_FOOT,6.0,withImages,dark-theme,xLargeCards,large-font,0,0,-1,-1,0
150,ON_FOOT,0.0,withImages,light-theme,largeCards,large-font,1,1,1,3,0
151,IN_VEHICLE,0.0,withImages,light-theme,xLargeCards,large-font,-1,1,-1,-1,0
152,IN_VEHICLE,0.0,withImages,dark-theme,xLargeCards,large-font,0,1,-1,0,0
153,STILL,0.0,withImages,light-theme,largeCards,large-font,2,2,2,6,1
154,STILL,0.0,withImages,dark-theme,largeCards,large-font,2,2,2,6,1
155,STILL,0.0,withImages,dark-theme,largeCards,large-font,2,2,2,6,1
156,STILL,0.0,withImages,dark-theme,largeCards,large-font,2,2,2,6,1
157,STILL,0.0,withImages,dark-theme,largeCards,large-font,2,2,2,6,1
158,STILL,0.0,withImages,dark-theme,largeCards,small-font,2,2,2,6,1
159,STILL,0.0,withImages,dark-theme,largeCards,small-font,2,2,2,6,1
160,ON_FOOT,9365.0,withImages,light-theme,xLargeCards,small-font,2,2,2,6,1
161,ON_FOOT,5189.0,withImages,light-theme,xLargeCards,small-font,2,2,2,6,1
162,STILL,6390.0,withImages,light-theme,xLargeCards,large-font,2,2,2,6,1
163,ON_FOOT,11763.0,withImages,light-theme,xLargeCards,large-font,2,2,2,6,1
164,ON_FOOT,6274.0,withImages,light-theme,xLargeCards,large-font,2,2,2,6,1
165,ON_FOOT,9403.0,withImages,light-theme,xLargeCards,large-font,2,2,2,6,1
166,ON_FOOT,12858.0,withImages,light-theme,xLargeCards,small-font,2,2,2,6,1
167,STILL,81.0,withImages,light-theme,largeCards,large-font,2,2,2,6,1
168,STILL,85.0,withImages,light-theme,largeCards,large-font,2,2,2,6,1
169,STILL,80.0,withImages,light-theme,xLargeCards,small-font,2,2,2,6,1
170,STILL,11.0,withImages,light-theme,xLargeCards,small-font,1,1,1,3,0
171,STILL,7.0,withImages,dark-theme,largeCards,small-font,1,0,0,1,0
172,STILL,7.0,withImages,dark-theme,largeCards,small-font,0,0,0,0,0
173,STILL,8.0,withImages,dark-theme,largeCards,small-font,0,0,0,0,0
174,STILL,8.0,withImages,dark-theme,xLargeCards,large-font,1,0,0,1,0
175,STILL,8.0,withImages,dark-theme,xLargeCards,small-font,1,1,0,2,0
176,STILL,0.0,withImages,dark-theme,xLargeCards,large-font,2,2,2,6,1
177,STILL,0.0,withImages,dark-theme,xLargeCards,large-font,2,2,2,6,1
178,STILL,0.0,withImages,light-theme,largeCards,small-font,2,1,1,4,0
179,STILL,0.0,withImages,dark-theme,largeCards,small-font,1,1,2,4,0
180,STILL,0.0,withImages,dark-theme,xLargeCards,large-font,2,2,2,6,1
181,STILL,0.0,withImages,dark-theme,xLargeCards,small-font,2,2,2,6,1
182,STILL,0.0,withImages,dark-theme,largeCards,large-font,2,1,1,4,0
183,STILL,0.0,withImages,dark-theme,xLargeCards,large-font,2,2,2,6,1
184,STILL,0.0,withImages,dark-theme,largeCards,large-font,1,1,1,3,0
185,STILL,0.0,withImages,dark-theme,largeCards,large-font,1,2,2,5,0
186,STILL,0.0,withImages,dark-theme,largeCards,small-font,1,1,1,3,0
187,STILL,0.0,withImages,dark-theme,xLargeCards,small-font,-1,0,-2,-3,0
188,STILL,6.0,withImages,dark-theme,largeCards,large-font,-1,1,1,1,0
189,STILL,0.0,withImages,dark-theme,xLargeCards,small-font,1,1,1,3,0
190,STILL,0.0,withImages,dark-theme,xLargeCards,small-font,1,2,1,4,0
191,IN_VEHICLE,0.0,withImages,light-theme,largeCards,large-font,2,2,2,6,1
192,STILL,147.0,withImages,light-theme,xLargeCards,large-font,1,1,2,4,0
193,STILL,438.0,withImages,light-theme,largeCards,small-font,2,2,2,6,1
194,STILL,389.0,withImages,light-theme,largeCards,small-font,2,2,2,6,1
195,STILL,1.0,withImages,dark-theme,largeCards,large-font,0,1,-1,0,0
196,STILL,0.0,withImages,dark-theme,largeCards,large-font,2,2,2,6,1
197,ON_FOOT,0.0,withImages,dark-theme,xLargeCards,large-font,2,2,2,6,1
198,ON_FOOT,16.0,withImages,dark-theme,xLargeCards,large-font,2,2,2,6,1
199,STILL,1.0,withImages,dark-theme,xLargeCards,large-font,2,2,2,6,1
200,ON_FOOT,0.0,withImages,dark-theme,xLargeCards,large-font,2,2,2,6,1
201,ON_FOOT,2.0,withImages,dark-theme,xLargeCards,large-font,2,2,2,6,1
202,ON_FOOT,8.0,withImages,dark-theme,xLargeCards,large-font,2,2,2,6,1
203,STILL,69.0,withImages,dark-theme,largeCards,large-font,1,1,1,3,0
204,ON_FOOT,79.0,withImages,dark-theme,largeCards,large-font,2,2,2,6,1
205,STILL,0.0,withImages,dark-theme,largeCards,small-font,2,2,2,6,1
206,STILL,0.0,withImages,dark-theme,largeCards,small-font,2,2,2,6,1
207,STILL,0.0,withImages,dark-theme,largeCards,small-font,2,2,2,6,1
208,STILL,0.0,withImages,dark-theme,largeCards,small-font,2,2,2,6,1
209,STILL,0.0,withImages,dark-theme,largeCards,small-font,2,2,2,6,1
210,STILL,0.0,withImages,dark-theme,largeCards,small-font,2,2,2,6,1
211,STILL,16.0,withImages,light-theme,largeCards,small-font,1,0,0,1,0
212,STILL,0.0,withImages,light-theme,largeCards,large-font,2,2,2,6,1
213,STILL,0.0,withImages,light-theme,largeCards,large-font,2,2,2,6,1
214,STILL,0.0,withImages,dark-theme,largeCards,small-font,2,2,2,6,1
215,STILL,0.0,withImages,dark-theme,largeCards,small-font,2,2,2,6,1
216,STILL,0.0,withImages,dark-theme,largeCards,small-font,2,2,2,6,1
217,STILL,0.0,withImages,dark-theme,largeCards,small-font,2,2,2,6,1
218,STILL,0.0,withImages,dark-theme,largeCards,large-font,2,2,2,6,1
219,STILL,0.0,withImages,dark-theme,largeCards,large-font,2,2,2,6,1
220,STILL,102.0,withImages,dark-theme,largeCards,small-font,2,2,2,6,1
221,STILL,86.0,withImages,dark-theme,largeCards,small-font,2,2,2,6,1
222,STILL,86.0,withImages,dark-theme,largeCards,large-font,2,2,1,5,0
223,STILL,75.0,withImages,light-theme,xLargeCards,large-font,2,2,2,6,1
224,STILL,77.0,withImages,light-theme,xLargeCards,large-font,2,2,2,6,1
225,STILL,59.0,withImages,light-theme,largeCards,large-font,2,2,2,6,1
226,STILL,108.0,withImages,light-theme,largeCards,large-font,2,2,2,6,1
227,STILL,50.0,withImages,dark-theme,xLargeCards,large-font,1,2,1,4,0
228,STILL,49.0,withImages,dark-theme,xLargeCards,large-font,1,1,1,3,0
229,STILL,68.0,withImages,dark-theme,xLargeCards,large-font,0,1,1,2,0
230,IN_VEHICLE,58.0,withImages,light-theme,xLargeCards,large-font,2,1,2,5,0
231,IN_VEHICLE,95.0,withImages,light-theme,xLargeCards,large-font,1,2,2,5,0
232,IN_VEHICLE,72.0,withImages,dark-theme,xLargeCards,large-font,1,1,1,3,0
233,IN_VEHICLE,61.0,withImages,dark-theme,xLargeCards,large-font,1,2,1,4,0
234,STILL,62.0,withImages,light-theme,xLargeCards,large-font,2,2,1,5,0
235,IN_VEHICLE,62.0,withImages,light-theme,xLargeCards,large-font,2,1,2,5,0
236,IN_VEHICLE,117.0,withImages,light-theme,xLargeCards,large-font,2,2,2,6,1
237,ON_FOOT,218.0,withImages,light-theme,xLargeCards,small-font,1,2,2,5,0
238,STILL,184.0,withImages,light-theme,xLargeCards,small-font,1,2,1,4,0
239,IN_VEHICLE,888.0,withImages,light-theme,largeCards,small-font,2,2,2,6,1
240,STILL,620.0,withImages,light-theme,largeCards,small-font,2,2,2,6,1
241,ON_FOOT,681.0,withImages,light-theme,largeCards,large-font,2,2,2,6,1
242,STILL,257.0,withImages,light-theme,largeCards,large-font,2,2,2,6,1
243,ON_FOOT,2659.0,withImages,light-theme,largeCards,large-font,2,2,2,6,1
244,STILL,229.0,withImages,light-theme,largeCards,small-font,2,2,2,6,1
245,ON_FOOT,348.0,withImages,light-theme,largeCards,small-font,2,2,1,5,0
246,STILL,790.0,withImages,light-theme,largeCards,small-font,1,1,1,3,0
247,ON_FOOT,2443.0,withImages,light-theme,largeCards,small-font,1,1,1,3,0
248,STILL,13.0,withImages,light-theme,xLargeCards,large-font,1,0,1,2,0
249,STILL,13.0,withImages,light-theme,xLargeCards,large-font,0,1,-1,0,0
250,STILL,13.0,withImages,light-theme,largeCards,large-font,1,1,1,3,0
251,STILL,10.0,withImages,light-theme,largeCards,large-font,-1,2,0,1,0
252,STILL,871.0,withImages,light-theme,largeCards,large-font,2,2,2,6,1
253,STILL,923.0,withImages,light-theme,largeCards,large-font,2,2,2,6,1
254,STILL,789.0,withImages,light-theme,xLargeCards,large-font,1,1,1,3,0
255,STILL,865.0,withImages,light-theme,xLargeCards,large-font,2,2,2,6,1
256,IN_VEHICLE,13.0,withImages,light-theme,largeCards,large-font,2,2,2,6,1
257,IN_VEHICLE,19.0,withImages,light-theme,largeCards,large-font,2,2,2,6,1
258,STILL,0.0,withImages,dark-theme,largeCards,large-font,1,1,1,3,0
259,STILL,0.0,withImages,dark-theme,largeCards,large-font,1,1,2,4,0
260,STILL,0.0,withImages,dark-theme,largeCards,large-font,1,1,2,4,0
261,ON_FOOT,0.0,withImages,dark-theme,largeCards,large-font,2,2,2,6,1
262,ON_FOOT,0.0,withImages,dark-theme,xLargeCards,small-font,2,2,2,6,1
263,STILL,13.0,withImages,dark-theme,largeCards,large-font,2,1,1,4,0
264,STILL,13.0,withImages,dark-theme,largeCards,large-font,2,2,1,5,0
265,STILL,0.0,withImages,dark-theme,largeCards,small-font,2,2,2,6,1
266,STILL,0.0,withImages,dark-theme,largeCards,small-font,2,2,2,6,1
267,STILL,0.0,withImages,dark-theme,largeCards,small-font,2,2,2,6,1
268,STILL,0.0,withImages,dark-theme,largeCards,small-font,2,2,2,6,1
269,STILL,0.0,withImages,dark-theme,largeCards,small-font,2,2,2,6,1
270,STILL,0.0,withImages,dark-theme,largeCards,small-font,2,2,2,6,1
271,STILL,0.0,withImages,dark-theme,largeCards,small-font,2,2,2,6,1
272,STILL,0.0,withImages,dark-theme,largeCards,large-font,2,2,2,6,1
273,ON_FOOT,136.0,withImages,dark-theme,xLargeCards,small-font,2,2,2,6,1
274,ON_FOOT,107.0,withImages,light-theme,largeCards,small-font,2,2,2,6,1
275,ON_FOOT,93.0,withImages,light-theme,largeCards,small-font,1,1,1,3,0
276,STILL,0.0,withImages,light-theme,xLargeCards,small-font,2,2,1,5,0
277,STILL,0.0,withImages,light-theme,xLargeCards,small-font,2,2,1,5,0
278,STILL,0.0,withImages,light-theme,largeCards,small-font,2,2,2,6,1
279,STILL,0.0,withImages,light-theme,largeCards,small-font,0,1,2,3,0
280,STILL,117.0,withImages,light-theme,xLargeCards,small-font,2,1,0,3,0
281,STILL,19.0,withImages,light-theme,xLargeCards,small-font,1,0,1,2,0
282,ON_FOOT,0.0,withImages,light-theme,largeCards,large-font,1,1,2,4,0
283,STILL,87.0,withImages,light-theme,xLargeCards,large-font,1,2,1,4,0
284,STILL,61.0,withImages,light-theme,xLargeCards,large-font,2,1,0,3,0
285,STILL,17.0,withImages,light-theme,largeCards,small-font,2,2,1,5,0
286,ON_FOOT,20.0,withImages,light-theme,largeCards,small-font,1,2,1,4,0
287,STILL,2.0,withImages,light-theme,largeCards,small-font,1,1,2,4,0
288,STILL,1.0,withImages,light-theme,largeCards,small-font,2,1,2,5,0
289,STILL,1.0,withImages,light-theme,largeCards,small-font,1,2,2,5,0
290,ON_FOOT,221.0,withImages,light-theme,largeCards,small-font,1,1,1,3,0
291,ON_FOOT,174.0,withImages,light-theme,largeCards,small-font,1,1,1,3,0
292,STILL,0.0,withImages,light-theme,xLargeCards,small-font,2,1,1,4,0
293,ON_FOOT,93.0,withImages,dark-theme,largeCards,large-font,1,1,1,3,0
294,ON_FOOT,26.0,withImages,light-theme,largeCards,small-font,1,1,2,4,0
295,ON_FOOT,0.0,withImages,dark-theme,xLargeCards,large-font,2,2,2,6,1
296,ON_FOOT,0.0,withImages,dark-theme,xLargeCards,large-font,2,2,2,6,1
297,ON_FOOT,64.0,withImages,dark-theme,xLargeCards,small-font,1,1,1,3,0
298,STILL,0.0,withImages,dark-theme,xLargeCards,large-font,2,2,2,6,1
299,STILL,57.0,withImages,dark-theme,xLargeCards,large-font,2,2,2,6,1
300,ON_FOOT,11.0,withImages,dark-theme,largeCards,large-font,2,2,2,6,1
301,STILL,0.0,withImages,dark-theme,largeCards,large-font,2,2,2,6,1
302,STILL,0.0,withImages,dark-theme,largeCards,large-font,2,2,2,6,1
303,STILL,0.0,withImages,dark-theme,largeCards,small-font,2,2,2,6,1
304,STILL,0.0,withImages,dark-theme,largeCards,small-font,2,2,2,6,1
305,STILL,17.0,withImages,dark-theme,xLargeCards,small-font,1,0,2,3,0
306,STILL,17.0,withImages,dark-theme,xLargeCards,small-font,1,2,0,3,0
307,STILL,0.0,withImages,dark-theme,largeCards,small-font,2,2,2,6,1
308,STILL,0.0,withImages,dark-theme,largeCards,small-font,2,2,2,6,1
309,STILL,103.0,withImages,light-theme,largeCards,large-font,2,2,1,5,0
310,STILL,88.0,withImages,light-theme,largeCards,large-font,2,2,2,6,1
311,STILL,93.0,withImages,light-theme,largeCards,small-font,2,2,1,5,0
312,STILL,137.0,withImages,light-theme,largeCards,large-font,1,0,2,3,0
313,STILL,33.0,withImages,light-theme,largeCards,large-font,2,2,1,5,0
314,STILL,38.0,withImages,light-theme,largeCards,large-font,1,2,1,4,0
315,STILL,35.0,withImages,light-theme,largeCards,large-font,1,2,2,5,0
316,ON_FOOT,270.0,withImages,dark-theme,largeCards,small-font,2,0,0,2,0
317,STILL,84.0,withImages,light-theme,largeCards,large-font,1,1,2,4,0
318,STILL,90.0,withImages,dark-theme,xLargeCards,large-font,2,1,2,5,0
319,STILL,91.0,withImages,light-theme,xLargeCards,large-font,1,1,1,3,0
320,STILL,73.0,withImages,light-theme,xLargeCards,small-font,1,2,1,4,0
321,STILL,71.0,withImages,dark-theme,xLargeCards,small-font,0,1,2,3,0
322,STILL,71.0,withImages,dark-theme,xLargeCards,large-font,1,2,1,4,0
323,STILL,73.0,withImages,dark-theme,xLargeCards,large-font,2,2,2,6,1
324,STILL,142.0,withImages,light-theme,xLargeCards,large-font,2,1,2,5,0
325,STILL,141.0,withImages,light-theme,xLargeCards,large-font,0,1,0,1,0
326,STILL,27.0,withImages,dark-theme,largeCards,large-font,1,1,1,3,0
327,STILL,25.0,withImages,light-theme,largeCards,small-font,1,2,2,5,0
328,STILL,0.0,withImages,dark-theme,largeCards,large-font,2,2,2,6,1
329,STILL,0.0,withImages,dark-theme,largeCards,large-font,2,2,2,6,1
330,STILL,0.0,withImages,dark-theme,largeCards,large-font,2,2,2,6,1
331,STILL,0.0,withImages,dark-theme,largeCards,large-font,2,2,2,6,1
332,STILL,167.0,withImages,dark-theme,xLargeCards,large-font,1,1,1,3,0
333,STILL,167.0,withImages,light-theme,xLargeCards,large-font,1,1,1,3,0
334,STILL,167.0,withImages,dark-theme,xLargeCards,large-font,0,0,0,0,0
335,STILL,167.0,withImages,light-theme,xLargeCards,large-font,1,2,1,4,0
336,STILL,167.0,withImages,light-theme,xLargeCards,small-font,1,2,1,4,0
337,STILL,148.0,withImages,dark-theme,xLargeCards,small-font,2,1,2,5,0
338,STILL,4.0,withImages,light-theme,largeCards,large-font,2,2,2,6,1
339,STILL,16.0,withImages,light-theme,largeCards,large-font,2,2,2,6,1
340,STILL,4.0,withImages,dark-theme,xLargeCards,large-font,1,1,2,4,0
341,IN_VEHICLE,384.0,withImages,dark-theme,largeCards,large-font,-2,-2,-2,-6,0
342,ON_FOOT,192.0,withImages,dark-theme,xLargeCards,small-font,-2,-2,-2,-6,0
343,ON_FOOT,384.0,withImages,dark-theme,xLargeCards,large-font,-2,-2,-2,-6,0
344,STILL,470.0,withImages,dark-theme,largeCards,large-font,2,2,2,6,1
345,STILL,192.0,withImages,dark-theme,xLargeCards,small-font,-2,-2,-2,-6,0
346,STILL,437.0,withImages,dark-theme,xLargeCards,large-font,-2,-2,-2,-6,0
347,IN_VEHICLE,206.0,withImages,dark-theme,xLargeCards,large-font,-2,-2,-2,-6,0
348,ON_FOOT,199.0,withImages,dark-theme,xLargeCards,small-font,-2,-2,-2,-6,0
349,IN_VEHICLE,809.0,withImages,dark-theme,xLargeCards,large-font,-1,-1,-1,-3,0
350,IN_VEHICLE,159.0,withImages,dark-theme,largeCards,large-font,-2,-2,-2,-6,0
351,IN_VEHICLE,855.0,withImages,dark-theme,largeCards,small-font,-2,-2,-2,-6,0
352,IN_VEHICLE,650.0,withImages,dark-theme,xLargeCards,small-font,-2,-2,-2,-6,0
353,IN_VEHICLE,782.0,withImages,dark-theme,largeCards,small-font,2,1,2,5,0
354,IN_VEHICLE,616.0,withImages,dark-theme,xLargeCards,small-font,-2,-2,-2,-6,0
355,IN_VEHICLE,132.0,withImages,dark-theme,xLargeCards,small-font,-2,-2,-2,-6,0
356,IN_VEHICLE,119.0,withImages,dark-theme,xLargeCards,large-font,-2,-2,-2,-6,0
357,IN_VEHICLE,146.0,withImages,dark-theme,xLargeCards,small-font,-2,-2,-2,-6,0
358,IN_VEHICLE,146.0,withImages,dark-theme,xLargeCards,large-font,-2,-2,-2,-6,0
359,IN_VEHICLE,683.0,withImages,dark-theme,xLargeCards,small-font,-1,-2,-1,-4,0
360,IN_VEHICLE,212.0,withImages,light-theme,xLargeCards,large-font,-2,-2,-2,-6,0
361,IN_VEHICLE,603.0,withImages,dark-theme,xLargeCards,large-font,-2,-2,-2,-6,0
362,IN_VEHICLE,126.0,withImages,dark-theme,largeCards,small-font,-2,-2,-2,-6,0
363,STILL,11.0,withImages,light-theme,largeCards,large-font,2,2,2,6,1
364,STILL,11.0,withImages,light-theme,largeCards,large-font,2,2,2,6,1
365,STILL,3.0,withImages,light-theme,xLargeCards,large-font,1,1,1,3,0
366,STILL,5.0,withImages,light-theme,xLargeCards,large-font,1,1,1,3,0
367,STILL,12.0,withImages,light-theme,largeCards,small-font,2,2,2,6,1
368,STILL,14.0,withImages,light-theme,largeCards,small-font,2,2,2,6,1
369,STILL,142.0,withImages,dark-theme,xLargeCards,large-font,1,1,1,3,0
370,STILL,163.0,withImages,dark-theme,xLargeCards,large-font,1,1,1,3,0
371,STILL,160.0,withImages,light-theme,largeCards,large-font,2,2,2,6,1
372,STILL,115.0,withImages,dark-theme,largeCards,large-font,1,1,1,3,0
373,STILL,53.0,withImages,dark-theme,largeCards,small-font,2,2,2,6,1
374,STILL,178.0,withImages,dark-theme,largeCards,small-font,2,2,2,6,1
375,STILL,149.0,withImages,light-theme,largeCards,large-font,1,2,1,4,0
376,STILL,195.0,withImages,dark-theme,largeCards,large-font,2,1,2,5,0
377,STILL,194.0,withImages,dark-theme,largeCards,large-font,2,1,2,5,0
378,STILL,174.0,withImages,dark-theme,xLargeCards,large-font,0,0,0,0,0
379,STILL,174.0,withImages,dark-theme,xLargeCards,large-font,2,1,2,5,0
380,STILL,186.0,withImages,dark-theme,largeCards,large-font,1,2,1,4,0
381,ON_FOOT,23.0,withImages,dark-theme,largeCards,large-font,1,1,1,3,0
382,STILL,148.0,withImages,light-theme,largeCards,small-font,2,1,2,5,0
383,STILL,85.0,withImages,light-theme,largeCards,small-font,1,1,2,4,0
384,STILL,87.0,withImages,light-theme,largeCards,small-font,2,1,2,5,0
385,STILL,234.0,withImages,dark-theme,largeCards,small-font,1,2,1,4,0
386,STILL,229.0,withImages,light-theme,largeCards,small-font,0,1,0,1,0
387,STILL,25.0,withImages,light-theme,largeCards,large-font,2,2,2,6,1
388,STILL,157.0,withImages,light-theme,largeCards,small-font,1,2,1,4,0
389,STILL,155.0,withImages,light-theme,largeCards,small-font,0,0,2,2,0
390,STILL,102.0,withImages,light-theme,largeCards,small-font,2,2,2,6,1
391,STILL,102.0,withImages,light-theme,largeCards,small-font,2,2,2,6,1
392,STILL,15.0,withImages,light-theme,largeCards,large-font,1,2,1,4,0
393,STILL,16.0,withImages,dark-theme,largeCards,large-font,1,2,1,4,0
394,STILL,15.0,withImages,dark-theme,largeCards,small-font,2,1,2,5,0
395,STILL,15.0,withImages,dark-theme,largeCards,large-font,1,2,1,4,0
396,STILL,13.0,withImages,dark-theme,largeCards,large-font,2,2,2,6,1
397,STILL,13.0,withImages,dark-theme,largeCards,large-font,0,0,0,0,0
398,STILL,15.0,withImages,light-theme,xLargeCards,small-font,2,2,2,6,1
399,ON_FOOT,44.0,withImages,dark-theme,xLargeCards,large-font,2,2,2,6,1
400,STILL,16.0,withImages,dark-theme,largeCards,small-font,1,2,1,4,0
401,STILL,84.0,withImages,dark-theme,largeCards,large-font,2,2,2,6,1
402,STILL,2.0,withImages,light-theme,largeCards,large-font,2,2,2,6,1
403,STILL,2.0,withImages,light-theme,largeCards,large-font,2,2,2,6,1
404,STILL,21.0,withImages,light-theme,xLargeCards,large-font,2,2,2,6,1
405,STILL,20.0,withImages,light-theme,xLargeCards,small-font,1,1,1,3,0
406,STILL,0.0,withImages,light-theme,largeCards,large-font,0,1,1,2,0
407,STILL,0.0,withImages,light-theme,largeCards,large-font,0,1,0,1,0
408,STILL,66.0,withImages,dark-theme,largeCards,large-font,2,2,2,6,1
409,STILL,52.0,withImages,dark-theme,largeCards,large-font,2,2,2,6,1
410,STILL,80.0,withImages,dark-theme,xLargeCards,small-font,2,1,2,5,0
411,STILL,125.0,withImages,dark-theme,xLargeCards,large-font,1,1,1,3,0
412,STILL,67.0,withImages,dark-theme,xLargeCards,large-font,1,1,2,4,0
413,STILL,14.0,withImages,light-theme,largeCards,large-font,2,2,2,6,1
414,STILL,0.0,withImages,dark-theme,largeCards,large-font,1,2,2,5,0
415,STILL,0.0,withImages,dark-theme,largeCards,large-font,1,2,2,5,0
416,STILL,0.0,withImages,dark-theme,largeCards,small-font,1,1,1,3,0
417,STILL,0.0,withImages,dark-theme,largeCards,small-font,1,2,1,4,0
418,STILL,0.0,withImages,light-theme,largeCards,small-font,1,1,1,3,0
419,STILL,0.0,withImages,light-theme,largeCards,small-font,1,1,1,3,0
420,STILL,0.0,withImages,dark-theme,largeCards,small-font,2,2,2,6,1
421,STILL,0.0,withImages,dark-theme,largeCards,small-font,2,2,2,6,1
422,STILL,0.0,withImages,dark-theme,largeCards,small-font,2,2,2,6,1
423,STILL,0.0,withImages,dark-theme,largeCards,small-font,2,2,2,6,1
424,STILL,39.0,withImages,dark-theme,largeCards,small-font,2,2,2,6,1
425,STILL,46.0,withImages,dark-theme,largeCards,small-font,2,2,2,6,1
426,STILL,8.0,withImages,light-theme,largeCards,large-font,1,2,2,5,0
427,STILL,9.0,withImages,light-theme,largeCards,large-font,1,2,1,4,0
428,STILL,10.0,withImages,dark-theme,largeCards,large-font,1,0,0,1,0
429,STILL,16.0,withImages,light-theme,largeCards,large-font,2,2,2,6,1
430,STILL,16.0,withImages,light-theme,largeCards,large-font,2,2,2,6,1
431,ON_FOOT,318.0,withImages,light-theme,xLargeCards,small-font,-2,-2,-2,-6,0
432,ON_FOOT,782.0,withImages,dark-theme,xLargeCards,small-font,-2,-2,-2,-6,0
433,ON_FOOT,192.0,withImages,dark-theme,largeCards,small-font,-2,-2,-2,-6,0
434,IN_VEHICLE,875.0,withImages,dark-theme,largeCards,large-font,2,2,2,6,1
435,IN_VEHICLE,921.0,withImages,dark-theme,xLargeCards,small-font,-2,-2,-2,-6,0
436,IN_VEHICLE,935.0,withImages,dark-theme,xLargeCards,small-font,-2,-2,-2,-6,0
437,ON_FOOT,198.0,withImages,light-theme,xLargeCards,large-font,-2,-2,-2,-6,0
438,ON_FOOT,285.0,withImages,light-theme,xLargeCards,large-font,-2,-2,-2,-6,0
439,ON_FOOT,53.0,withImages,dark-theme,xLargeCards,large-font,-2,-2,-2,-6,0
440,ON_FOOT,59.0,withImages,dark-theme,xLargeCards,small-font,-2,-2,-2,-6,0
441,ON_FOOT,1054.0,withImages,dark-theme,xLargeCards,large-font,-2,-2,-2,-6,0
442,ON_FOOT,1346.0,withImages,dark-theme,xLargeCards,small-font,-1,-1,-1,-3,0
443,IN_VEHICLE,417.0,withImages,dark-theme,largeCards,small-font,2,1,2,5,0
444,IN_VEHICLE,72.0,withImages,light-theme,xLargeCards,large-font,-2,-2,-2,-6,0
445,STILL,8.0,withImages,light-theme,largeCards,large-font,2,2,2,6,1
446,STILL,7.0,withImages,light-theme,largeCards,large-font,2,2,2,6,1
447,STILL,34.0,withImages,light-theme,largeCards,small-font,1,1,1,3,0
448,STILL,37.0,withImages,light-theme,largeCards,small-font,2,2,2,6,1
449,STILL,37.0,withImages,light-theme,largeCards,small-font,2,2,2,6,1
450,STILL,39.0,withImages,light-theme,largeCards,small-font,1,1,1,3,0
451,STILL,10.0,withImages,light-theme,largeCards,small-font,2,2,2,6,1
452,STILL,10.0,withImages,light-theme,largeCards,small-font,1,1,2,4,0
453,ON_FOOT,3563.0,withImages,light-theme,xLargeCards,large-font,2,2,2,6,1
454,ON_FOOT,5849.0,withImages,light-theme,xLargeCards,large-font,2,2,2,6,1
455,STILL,4435.0,withImages,light-theme,xLargeCards,large-font,2,2,2,6,1
456,ON_FOOT,3037.0,withImages,light-theme,xLargeCards,large-font,2,2,2,6,1
457,STILL,10.0,withImages,light-theme,largeCards,large-font,2,2,2,6,1
458,STILL,6.0,withImages,light-theme,largeCards,large-font,2,2,2,6,1
459,STILL,12.0,withImages,dark-theme,largeCards,large-font,2,2,2,6,1
460,STILL,6.0,withImages,dark-theme,largeCards,large-font,2,2,2,6,1
461,STILL,24.0,withImages,light-theme,largeCards,large-font,2,2,2,6,1
462,STILL,4.0,withImages,light-theme,largeCards,large-font,2,2,2,6,1
463,STILL,15.0,withImages,light-theme,largeCards,large-font,2,2,2,6,1
464,STILL,111.0,withImages,light-theme,largeCards,large-font,2,2,2,6,1
465,STILL,103.0,withImages,light-theme,largeCards,large-font,2,2,2,6,1
466,STILL,296.0,withImages,dark-theme,xLargeCards,small-font,1,2,1,4,0
467,STILL,132.0,withImages,dark-theme,xLargeCards,large-font,2,2,2,6,1
468,STILL,0.0,withImages,dark-theme,largeCards,large-font,2,1,2,5,0
469,STILL,132.0,withImages,light-theme,xLargeCards,small-font,1,1,1,3,0
470,STILL,139.0,withImages,light-theme,xLargeCards,large-font,1,2,1,4,0
471,STILL,139.0,withImages,light-theme,xLargeCards,large-font,2,2,2,6,1
472,STILL,0.0,withImages,dark-theme,largeCards,large-font,2,2,2,6,1
473,STILL,0.0,withImages,dark-theme,largeCards,large-font,2,2,2,6,1
474,STILL,19.0,withImages,light-theme,largeCards,large-font,2,2,2,6,1
475,STILL,22.0,withImages,light-theme,largeCards,large-font,2,2,2,6,1
476,STILL,303.0,withImages,light-theme,largeCards,small-font,2,2,2,6,1
477,STILL,276.0,withImages,light-theme,largeCards,small-font,1,1,2,4,0
478,STILL,351.0,withImages,light-theme,largeCards,large-font,2,1,1,4,0
479,STILL,336.0,withImages,light-theme,largeCards,large-font,1,2,2,5,0
480,STILL,7904.0,withImages,light-theme,xLargeCards,large-font,2,2,2,6,1
481,ON_FOOT,6487.0,withImages,light-theme,xLargeCards,large-font,2,2,2,6,1
482,ON_FOOT,9753.0,withImages,light-theme,xLargeCards,small-font,2,2,2,6,1
483,ON_FOOT,8249.0,withImages,light-theme,xLargeCards,large-font,2,2,2,6,1
484,ON_FOOT,5588.0,withImages,light-theme,xLargeCards,large-font,2,2,2,6,1
485,ON_FOOT,9637.0,withImages,light-theme,xLargeCards,large-font,2,2,2,6,1
486,ON_FOOT,6813.0,withImages,light-theme,xLargeCards,large-font,2,2,2,6,1
487,STILL,0.0,withImages,dark-theme,largeCards,small-font,2,2,2,6,1
488,STILL,0.0,withImages,dark-theme,largeCards,small-font,2,2,2,6,1
489,STILL,0.0,withImages,dark-theme,largeCards,small-font,2,2,2,6,1
490,STILL,0.0,withImages,dark-theme,largeCards,small-font,2,2,2,6,1
491,STILL,0.0,withImages,dark-theme,largeCards,small-font,2,2,2,6,1
492,STILL,0.0,withImages,dark-theme,largeCards,small-font,2,2,2,6,1
493,STILL,0.0,withImages,dark-theme,largeCards,small-font,1,2,1,4,0
494,ON_FOOT,18.0,withImages,light-theme,largeCards,large-font,2,2,2,6,1
495,STILL,18.0,withImages,light-theme,largeCards,large-font,2,1,2,5,0
496,ON_FOOT,47.0,withImages,light-theme,largeCards,large-font,2,2,2,6,1
497,STILL,74.0,withImages,light-theme,largeCards,large-font,2,2,2,6,1
498,STILL,91.0,withImages,light-theme,largeCards,large-font,2,2,2,6,1
499,ON_FOOT,78.0,withImages,light-theme,largeCards,large-font,2,2,2,6,1
500,ON_FOOT,74.0,withImages,light-theme,largeCards,large-font,2,2,2,6,1
501,STILL,17.0,withImages,dark-theme,xLargeCards,small-font,1,0,0,1,0
502,STILL,13.0,withImages,dark-theme,largeCards,small-font,1,1,1,3,0